文件名,标题,作者,状态,番外所属正文,类型标签,日期
[mob]无题.txt,无题,409,,,postype,2026/7/20
[允在] 狂恋之歌.txt,狂恋之歌,李花,,,postype,2026/7/20
[允在]1001.txt,1001,Puzzle,,,postype,2026/7/20
[允在]Alpha的纯情.txt,Alpha的纯情,罗曼,,,postype、生十个,2026/7/20
[允在]An elephant in the room.txt,An elephant in the room,李花,,,postype,2026/7/20
[允在]Beautiful，a beautiful Lie.txt,Beautiful，a beautiful Lie,satin,,,现实向,2026/7/20
[允在]Deal.txt,Deal,pinkjelly,,,,2026/7/20
[允在]Dive.txt,Dive,pinkjelly,,,,2026/7/20
[允在]Full Moon（未完）.txt,Full Moon,罗曼,未完,,postype、生一个,2026/7/20
[允在]Gamble.txt,Gamble,pinkjelly,,,,2026/7/20
[允在]Guilty Loops.txt,Guilty Loops,丁香香气,,,,2026/7/20
[允在]His Man.txt,His Man,Chilling,,,postype,2026/7/20
[允在]Hump.txt,Hump,李花,,,postype,2026/7/20
[允在]Lobby.txt,Lobby,李花,,,postype,2026/7/20
[允在]Love Is Here.txt,Love Is Here,pinkjelly,,,,2026/7/20
[允在]MODEL J.txt,MODEL J,minor,,,,2026/7/20
[允在]Merry Go Round.txt,Merry Go Round,pinkjelly,,,,2026/7/20
[允在]Misunderstood.txt,Misunderstood,Puzzle,,,postype,2026/7/20
[允在]Ne Me Quitte Pas.txt,Ne Me Quitte Pas,barim,,,,2026/7/20
[允在]Obsessed.txt,Obsessed,Puzzle,,,,2026/7/20
[允在]One Night Stand.txt,One Night Stand,Puzzle,,,postype,2026/7/20
[允在]PIT-A-PAT.txt,PIT-A-PAT,Puzzle,,,postype,2026/7/20
[允在]Sad，after....txt,Sad，after...,丁香香气,,,,2026/7/20
[允在]Secret pet shop.txt,Secret pet shop,李花,,,postype,2026/7/20
[允在]Six in the morning Ⅱ.txt,Six in the morning Ⅱ,Chilling,,,postype,2026/7/20
[允在]So Cool So Hot.txt,So Cool So Hot,罗曼,,,postype,2026/7/20
[允在]Stay，Stay at Love.txt,Stay，Stay at Love,丁香香气,,,,2026/7/20
[允在]Sweet Enemy.txt,Sweet Enemy,pinkjelly,,,,2026/7/20
[允在]T.txt,T,李花,,,postype,2026/7/20
[允在]The ash-colored city.txt,The ash-colored city,丁香香气,,,,2026/7/20
[允在]Then&Now.txt,Then&Now,Chilling,,,,2026/7/20
[允在]Tonight.txt,Tonight,barim,,,,2026/7/20
[允在]Under the Sun.txt,Under the Sun,barim,,,,2026/7/20
[允在]Veinte años.txt,Veinte años,blet,,,,2026/7/20
[允在]Whiskey and Chocolate.txt,Whiskey and Chocolate,李花,,,postype,2026/7/20
[允在]boy boy.txt,boy boy,maio,,,,2026/7/20
[允在]pochi.txt,pochi,409,,,postype,2026/7/20
[允在]story炸出的小惊喜.txt,story炸出的小惊喜,Chilling,,,postype,2026/7/20
[允在]vice city（未完）.txt,vice city,maio,未完,,,2026/7/20
[允在]不做爱就出不去的房间.txt,不做爱就出不去的房间,罗曼,,,postype、现实向,2026/7/20
[允在]两片唇.txt,两片唇,李花,,,postype,2026/7/20
[允在]个人喜好而已，请尊重。.txt,个人喜好而已，请尊重。,罗曼,,,postype,2026/7/20
[允在]保镖与Hero.txt,保镖与Hero,minor,,,,2026/7/20
[允在]先上后爱.txt,先上后爱,8班美人,,,postype,2026/7/20
[允在]公主和矿工（未完）.txt,公主和矿工,罗曼,未完,,postype,2026/7/20
[允在]初恋的视线.txt,初恋的视线,丁香香气,,,,2026/7/20
[允在]别惹我.txt,别惹我,tess,,,,2026/7/20
[允在]厨房里的习惯 外二篇.txt,厨房里的习惯 外二篇,弓削유게,,,pixiv,2026/7/20
[允在]只在隐秘处绽放的玫瑰.txt,只在隐秘处绽放的玫瑰,李花,,,postype,2026/7/20
[允在]向你泛滥.txt,向你泛滥,丁香香气,,,,2026/7/20
[允在]呼吸.txt,呼吸,maio,,,,2026/7/20
[允在]嘴唇.txt,嘴唇,maio,,,,2026/7/20
[允在]在中少爷为何独独将油果赐予允浩.txt,在中少爷为何独独将油果赐予允浩,Chilling,,,postype,2026/7/20
[允在]场景系列.txt,场景系列,minor,,,,2026/7/20
[允在]坏男人.txt,坏男人,minor,,,,2026/7/20
[允在]夜岛밤섬.txt,夜岛,maio,,,,2026/7/20
[允在]夫夫童话부부동화.txt,夫夫童话,maio,,,,2026/7/20
[允在]如金似玉（闪耀外传）.txt,如金似玉,barim,,[允在]闪耀1-5+番外.txt,,2026/7/20
[允在]妖妄花요망화.txt,妖妄花,homage,,【允在】Libido.txt,,2026/7/20
[允在]娶亲之日.txt,娶亲之日,pinkjelly,,,古典,2026/7/20
[允在]嫂子.txt,嫂子,Chilling,,,postype,2026/7/20
[允在]对我而言太过完美的你.txt,对我而言太过完美的你,KANAE,,,,2026/7/20
[允在]尚未可知 아직은 몰라.txt,尚未可知,barim,,,,2026/7/20
[允在]山坡上.txt,山坡上,lain,,,,2026/7/20
[允在]恋爱上限.txt,恋爱上限,blet,,,,2026/7/20
[允在]悖论.txt,悖论,Chilling,,,postype,2026/7/20
[允在]成年之夜.txt,成年之夜,Chilling,,,,2026/7/20
[允在]摇曳 lain.txt,摇曳,lain,,,,2026/7/20
[允在]斯德哥尔摩综合征.txt,斯德哥尔摩综合征,tess,,,,2026/7/20
[允在]日常生活.txt,日常生活,minor,,,,2026/7/20
[允在]最后的恋人.txt,最后的恋人,maio,,[允在]呼吸.txt,,2026/7/20
[允在]月兔传说.txt,月兔传说,李花,,,postype,2026/7/20
[允在]桃子.txt,桃子,李花,,,postype,2026/7/20
[允在]永远在原处 lain.txt,永远在原处,lain,,,,2026/7/20
[允在]泪之日.txt,泪之日,tess,,,,2026/7/20
[允在]泪之日confidential.txt,泪之日confidential,tess,,[允在]泪之日.txt,,2026/7/20
[允在]海肠.txt,海肠,李花,,,postype,2026/7/20
[允在]温柔的威胁.txt,温柔的威胁,blet,,,,2026/7/20
[允在]漂亮.txt,漂亮,罗曼,,,postype,2026/7/20
[允在]潮吹实录.txt,潮吹实录,李花,,,postype,2026/7/20
[允在]烤肉店美人.txt,烤肉店美人,minor,,,,2026/7/20
[允在]狗洞.txt,狗洞,李花,,,,2026/7/20
[允在]猫咪女仆.txt,猫咪女仆,Ranghae,,,postype,2026/7/20
[允在]盐柱（索多玛番外）.txt,盐柱,maio,,[允在]索多玛소돔.txt,,2026/7/20
[允在]盐玫瑰.txt,盐玫瑰,Blacksand,,,,2026/7/20
[允在]硬糖.txt,硬糖,李花,,,postype,2026/7/20
[允在]祭品.txt,祭品,李花,,,postype,2026/7/20
[允在]第二性征.txt,第二性征,李花,,,,2026/7/20
[允在]索多玛소돔.txt,索多玛,maio,,,,2026/7/20
[允在]红缘.txt,红缘,Puzzle,,,postype,2026/7/20
[允在]花样年华.txt,花样年华,onsi,,,postype,2026/7/20
[允在]蔚蓝天空.txt,蔚蓝天空,barim,,,,2026/7/20
[允在]蜜泉.txt,蜜泉,李花,,,postype,2026/7/20
[允在]诅咒.txt,诅咒,李花,,,postype,2026/7/20
[允在]辅导.txt,辅导,minor,,,,2026/7/20
[允在]郑家肉铺.txt,郑家肉铺,Ranghae,,,postype,2026/7/20
[允在]野蛮之夜.txt,野蛮之夜,,,,古典,2026/7/20
[允在]金在中白金发纪念短篇.txt,金在中白金发纪念短篇,jongtie,,,,2026/7/20
[允在]闪耀1-5+番外.txt,闪耀,barim,,,,2026/7/20
[允在]随机聊天.txt,随机聊天,李花,,,postype,2026/7/20
[允在]隔壁小混混.txt,隔壁小混混,tess,,,,2026/7/20
[允在]青春物语法则.txt,青春物语法则,Puzzle,,,postype,2026/7/20
[允在]饲养사육.txt,饲养,World of their own,,,,2026/7/20
[允在]香.txt,香,李花,,,postype,2026/7/20
[允在]驯服.txt,驯服,Ranghae,,,postype,2026/7/20
[允在]ＳＨＥ.txt,ＳＨＥ,弓削유게,,,pixiv,2026/7/20
[允在有秀]pillow biter double shot.txt,pillow biter double shot,ShyM,,【允在】Pillow biter2.txt,,2026/7/20
[允在米花]他对两人的影响（未完）.txt,他对两人的影响,blet,未完,,,2026/7/20
[允在米花]夜之城(The City of Night).txt,夜之城(The City of Night),丁香香气,,,,2026/7/20
[允在米花]帕凡舞曲pavane.txt,帕凡舞曲pavane,blet,,,,2026/7/20
[允在米花]驻留于甜蜜.txt,驻留于甜蜜,blet,,,,2026/7/20
[允在？]爱情大屠杀.txt,爱情大屠杀,maio,,,,2026/7/20
[在允]失误.txt,失误,,,,,2026/7/20
[米花]Save point.txt,Save point,Nikita,,,,2026/7/20
[米花]同床异梦.txt,同床异梦,丁香香气,,,,2026/7/20
[米花]您这样我很为难的啊.txt,您这样我很为难的啊,blet,,,,2026/7/20
[米花]樱花岛.txt,樱花岛,丁香香气,,,,2026/7/20
[花米2U]virgin honey.txt,virgin honey,maio,,,,2026/7/20
[2U]cold cock.txt,cold cock,maio,,,,2026/7/20
[允在]归巢本能귀소본능.txt,归巢本能,maio,,,,2026/7/20
[允在]現實裏面현실이면.txt,現實裏面,maio,,,现实向,2026/7/20
[允在]101 by罗曼.txt,101,罗曼,,,postype,2026/7/20
[允在]2020+2005=2 by罗曼.txt,2020+2005=2,罗曼,,,postype、现实向,2026/7/20
[允在]Closed But Ing by罗曼.txt,Closed But Ing,罗曼,,,postype,2026/7/20
[允在]On The Road by罗曼.txt,On The Road,罗曼,,,postype,2026/7/20
[允在]Slow Tempo by罗曼.txt,Slow Tempo,罗曼,,,postype,2026/7/20
[允在]Trick or Trap by罗曼.txt,Trick or Trap,罗曼,,,postype,2026/7/20
[允在]Vuja De by罗曼.txt,Vuja De,罗曼,,,postype、现实向,2026/7/20
[允在]包治任何早泄。 by罗曼.txt,包治任何早泄。,罗曼,,,postype,2026/7/20
[允在]隔壁男人 by罗曼.txt,隔壁男人,罗曼,,,postype,2026/7/20
[允在]归乡 by罗曼.txt,归乡,罗曼,,,postype,2026/7/20
[允在]黑色情人节 by 罗曼.txt,黑色情人节,罗曼,,,postype,2026/7/20
[允在]花风病  罗曼.txt,花风病,罗曼,,,postype、古典,2026/7/20
[允在]杰作 by罗曼.txt,杰作,罗曼,,,postype,2026/7/20
[允在]美味的牛奶 by罗曼.txt,美味的牛奶,罗曼,,,postype,2026/7/20
[允在]某种关系 by罗曼.txt,某种关系,罗曼,,,postype,2026/7/20
[允在]请给我一个圣诞老人恋人 by罗曼.txt,请给我一个圣诞老人恋人,罗曼,,,postype,2026/7/20
[允在]雨天，捡到了一只狗 by罗曼.txt,雨天，捡到了一只狗,罗曼,,,postype,2026/7/20
[允在]月下红梅 by罗曼.txt,月下红梅,罗曼,,,postype、古典,2026/7/20
[允在]变换的季节.txt,变换的季节,barim,,,,2026/7/21
[允在]狼与羊.txt,狼与羊,barim,,,,2026/7/21
【all在】白色之恋人.txt,白色之恋人,manish,,,古典,2026/7/21
【允在】 Happy Together 番外：他们正在度假中.txt,他们正在度假中,manish,,【允在】Happy Together.txt,,2026/7/21
【允在】 因为想听你的声音.txt,因为想听你的声音,nana,,,,2026/7/21
【允在】 躲进雨中.txt,躲进雨中,Guardian,,,现实向,2026/7/21
【允在】...或者，永远 - maria - jjyc125.txt,...或者，永远,maria,,,,2026/7/21
【允在】...或者，永远 番外1+2.txt,...或者，永远 番外1+2,maria,,【允在】...或者，永远 - maria - jjyc125.txt,,2026/7/21
【允在】126by. Barim.txt,126,barim,,,,2026/7/21
【允在】17岁，少年们甜蜜的高潮.txt,17岁，少年们甜蜜的高潮,Instinct Killer,,,,2026/7/21
【允在】18th Birthday.txt,18th Birthday,fiancee,,,,2026/7/21
【允在】Are you Ready.txt,Are you Ready,near,,,,2026/7/21
【允在】Astral Paradise.txt,Astral Paradise,maio,,,,2026/7/21
【允在】C'mon through.txt,C'mon through,lain,,,,2026/7/21
【允在】Carmina Burana命运女神.txt,Carmina Burana命运女神,Day,,,,2026/7/21
【允在】Cliche，23小时.txt,Cliche，23小时,lala,,,,2026/7/21
【允在】DEAR KISS.txt,DEAR KISS,BabyB,,,,2026/7/21
【允在】Dryflower.txt,Dryflower,leo,,,,2026/7/21
【允在】Fucking teacher.txt,Fucking teacher,chang,,,,2026/7/21
【允在】Game Over.txt,Game Over,homage,,,,2026/7/21
【允在】Good，Really good!.txt,Good，Really good!,,,,,2026/7/21
【允在】HOST J GUEST J.txt,HOST J GUEST J,黑胡椒,,,,2026/7/21
【允在】Happy Together.txt,Happy Together,manish,,,,2026/7/21
【允在】Heart to heart.txt,Heart to heart,Day,,,,2026/7/21
【允在】Hey，Juliet（全）.txt,Hey，Juliet,KANAE,,,,2026/7/21
【允在】Hotel Midnight.txt,Hotel Midnight,Guardian,,,,2026/7/21
【允在】Keep Secret.txt,Keep Secret,chang,,,,2026/7/21
【允在】LaCampanella.txt,LaCampanella,nana,,,,2026/7/21
【允在】Libido.txt,Libido,homage,,,,2026/7/21
【允在】Lovesick.txt,Lovesick,lain,,,,2026/7/21
【允在】Lovesick番外.txt,Lovesick番外,lain,,【允在】Lovesick.txt,,2026/7/21
【允在】Lullaby in Minor.txt,Lullaby in Minor,Guardian,,,,2026/7/21
【允在】NANA未知短篇1.txt,NANA未知短篇1,nana,,,,2026/7/21
【允在】NANA未知短篇2.txt,NANA未知短篇2,nana,,,,2026/7/21
【允在】NANA未知短篇3.txt,NANA未知短篇3,nana,,,,2026/7/21
【允在】NANA未知短篇4.txt,NANA未知短篇4,nana,,,,2026/7/21
【允在】Oh! 甜心我的宝贝.txt,Oh! 甜心我的宝贝,BabyB,,,,2026/7/21
【允在】Pillow biter.txt,Pillow biter,ShyM,,,,2026/7/21
【允在】Pillow biter2.txt,Pillow biter2,ShyM,,,,2026/7/21
【允在】Sponsor（金主）.txt,Sponsor,BabyB,,,,2026/7/21
【允在】Stargaze观星.txt,Stargaze,Guardian,,,,2026/7/21
【允在】Time Leap.txt,Time Leap,nana,,,,2026/7/21
【允在】Un.touch.able.txt,Un.touch.able,fiancee,,,,2026/7/21
【允在】Up your Position.txt,Up your Position,丁香香气,,,,2026/7/21
【允在】cozy bed.txt,让时间停止,Chilling,,,postype,2026/7/21
【允在】deadend.txt,deadend,Guardian,,,,2026/7/21
【允在】playball.txt,playball,,,,,2026/7/21
【允在】so sorry.txt,so sorry,homage,,,,2026/7/21
【允在】until 1987.txt,until 1987,丁香香气,,,,2026/7/21
【允在】wild cherry.txt,wild cherry,hosy,,,,2026/7/21
【允在】《视线》第一部 W.Shara.txt,《视线》第一部,sahara,,,,2026/7/21
【允在】《视线》第二部 W.Shara.txt,《视线》第二部,sahara,,,,2026/7/21
【允在】不伦的顶点.txt,不伦的顶点,噜噜噜公主大人,,,,2026/7/21
【允在】不是挺漂亮的嘛.txt,不是挺漂亮的嘛,Guardian,,,,2026/7/21
【允在】与郑老师的相关关系.txt,与郑老师的相关关系,maio,,,,2026/7/21
【允在】人鱼.txt,人鱼,fiancee,,,,2026/7/21
【允在】人鱼（外传）.txt,人鱼（外传）,fiancee,,【允在】人鱼.txt,,2026/7/21
【允在】仙女与樵夫.txt,仙女与樵夫,朴飞儿,,,,2026/7/21
【允在】你于我而言.txt,你于我而言,nana,,,,2026/7/21
【允在】你好，lily.txt,你好，lily,maio,,,,2026/7/21
【允在】保姆.txt,保姆,hosy,,,,2026/7/21
【允在】凌蔑的放流.txt,凌蔑的放流,homage,,,,2026/7/21
【允在】剧.txt,剧,satin,,,,2026/7/21
【允在】办公室恋情 (W. Bullet).txt,办公室恋情,blet,,,,2026/7/21
【允在】同龄人.txt,同龄人,Guardian,,,,2026/7/21
【允在】后爱.txt,后爱,Day,,,,2026/7/21
【允在】君临天下的罗密欧.txt,君临天下的罗密欧,tess,,,,2026/7/21
【允在】君临天下的罗密欧（番外）.txt,陷入爱情的罗密欧,tess,,【允在】君临天下的罗密欧.txt,,2026/7/21
【允在】呼吸（新译）.txt,呼吸（新译）,maio,,,,2026/7/21
【允在】因为我们相爱.txt,因为我们相爱,lizlizard,,,,2026/7/21
【允在】夏日落雪.txt,夏日落雪,lizlizard,,,,2026/7/21
【允在】大好き 永遠に.txt,大好き 永遠に,chang,,,,2026/7/21
【允在】失心 番外123.txt,失心 番外123,lain,,【允在】失心.txt,,2026/7/21
【允在】失心.txt,失心,lain,,,,2026/7/21
【允在】嫁入婆家生活 - jjyc125.txt,嫁入婆家生活,Hwain,,,,2026/7/21
【允在】嫂子我爱你.txt,嫂子我爱你,,,,,2026/7/21
【允在】宫.txt,宫,satin,,,,2026/7/21
【允在】小熊在我心里跳舞.txt,小熊在我心里跳舞,hawaxiah,,,,2026/7/21
【允在】小黄鸡.txt,小黄鸡,minor,,,,2026/7/21
【允在】少年之爱.txt,少年之爱,爱上在在的蝴蝶,,,古典,2026/7/21
【允在】当郑教授的大象遇上金学生的香蕉时.txt,当郑教授的大象遇上金学生的香蕉时,xelloss,,,,2026/7/21
【允在】我也想要个丈夫.txt,我也想要个丈夫,秘密花园,,,,2026/7/21
【允在】我们结婚吧.txt,我们结婚吧,叔叔朴有天,,,,2026/7/21
【允在】我们面对离别的姿态.txt,我们面对离别的姿态,nana,,,,2026/7/21
【允在】我爱你大叔.txt,我爱你大叔,,,,,2026/7/21
【允在】我画的长颈鹿图画.txt,我画的长颈鹿图画,白熊,,,,2026/7/21
【允在】战栗吧.txt,战栗吧,,,,,2026/7/21
【允在】指尖外传1：沉静的童话告白.txt,外传1：沉静的童话告白,homage,,【允在】无法触及的舌尖.txt,,2026/7/21
【允在】指尖外传2：HE TALKED ABOUT HIM.txt,外传2：HE TALKED ABOUT HIM,homage,,【允在】无法触及的舌尖.txt,,2026/7/21
【允在】指尖外传3：在顶点相遇.txt,外传3：在顶点相遇,homage,,【允在】无法触及的舌尖.txt,,2026/7/21
【允在】指尖外传45：异乡人的记忆.txt,外传4：异乡人的记忆 外传5：褪色的照片,homage,,【允在】无法触及的舌尖.txt,,2026/7/21
【允在】摩利雪留香 番外1：挑花愉浪.txt,番外1：挑花愉浪,fiancee,,【允在】摩利雪留香.txt,古典,2026/7/21
【允在】摩利雪留香 番外2：一期一会.txt,番外2：一期一会,fiancee,,【允在】摩利雪留香.txt,古典,2026/7/21
【允在】摩利雪留香 番外3：月夜闲谈 采月夜.txt,番外3：月夜闲谈 采月夜,fiancee,,【允在】摩利雪留香.txt,古典,2026/7/21
【允在】摩利雪留香.txt,摩利雪留香,fiancee,,,古典,2026/7/21
【允在】无法触及的舌尖.txt,无法触及的舌尖,homage,,,,2026/7/21
【允在】明天做什么呢.txt,明天做什么呢,Guardian,,,,2026/7/21
【允在】星期五.txt,星期五,Guardian,,,,2026/7/21
【允在】是谁让他生气了？.txt,是谁让他生气了？,,,,,2026/7/21
【允在】曾有少年.txt,曾有少年,homage,,,,2026/7/21
【允在】未成年.txt,未成年,fiancee,,,,2026/7/21
【允在】某个男人的求婚.txt,某个男人的求婚,,,,,2026/7/21
【允在】梦实 (Mongshili).txt,梦实 (Mongshili),ShyM,未完,,,2026/7/21
【允在】欢迎光临19禁.txt,欢迎光临19禁,,,,,2026/7/21
【允在】泪腺.txt,泪腺,nana,,,,2026/7/21
【允在】浸染在森林里.txt,浸染在森林里,黑胡椒,,,,2026/7/21
【允在】热病 番外：花样年华.txt,花样年华,秀（LJ）,,【允在】热病.txt,,2026/7/21
【允在】热病.txt,热病,秀（LJ）,,,,2026/7/21
【允在】爱上我的猫.txt,爱上我的猫,tess,,,,2026/7/21
【允在】独角兽.txt,独角兽,Guardian,,,,2026/7/21
【允在】狼的纯真.txt,狼的纯真,KANAE,,,,2026/7/21
【允在】猛兽列传1.txt,猛兽列传1,Toheaven,,,,2026/7/21
【允在】猛兽列传1番外.txt,猛兽列传1番外,Toheaven,,【允在】猛兽列传1.txt,,2026/7/21
【允在】猛兽列传2.txt,猛兽列传2,Toheaven,,,,2026/7/21
【允在】玩偶之家.txt,玩偶之家,BabyB,,,,2026/7/21
【允在】甜蜜.txt,甜蜜,,,,,2026/7/21
【允在】生活的发现.txt,生活的发现,homage,,,,2026/7/21
【允在】白昼之月.txt,白昼之月,leo,,,,2026/7/21
【允在】皇帝的女人.txt,皇帝的女人,,,,,2026/7/21
【允在】真可爱.txt,真可爱,fiancee,,,,2026/7/21
【允在】矮子的 Part 2.txt,矮子 Part 2,丁香香气,,,,2026/7/21
【允在】秘密花园.txt,秘密花园,Guardian,,,,2026/7/21
【允在】第34个女仆.txt,第34个女仆,,,,,2026/7/21
【允在】纯爱谱.txt,纯爱谱,,,,,2026/7/21
【允在】色情夫妇.txt,色情夫妇,Hwain,,,,2026/7/21
【允在】色情夫妇番外1.txt,色情夫妇番外1,Hwain,,【允在】色情夫妇.txt,,2026/7/21
【允在】色情夫妇番外2.txt,色情夫妇番外2,Hwain,,【允在】色情夫妇.txt,,2026/7/21
【允在】艳蝶 (야한나비).txt,艳蝶,,,,,2026/7/21
【允在】花罐.txt,花罐,chang,,,,2026/7/21
【允在】荒诞的想象.txt,荒诞的想象,,,,,2026/7/21
【允在】莲花 外传.txt,莲花 外传,nana,,【允在】莲花.txt,古典,2026/7/21
【允在】莲花.txt,莲花,nana,,,古典,2026/7/21
【允在】菊花香.txt,菊花香,Hwain,,,,2026/7/21
【允在】请回答，郑允浩.txt,请回答，郑允浩,pinkjelly,,,,2026/7/21
【允在】请按下按钮~.txt,请按下按钮~,,,,,2026/7/21
【允在】请来春日的庭院.txt,请来春日的庭院,maio,,,,2026/7/21
【允在】趁新鲜的时候享用.txt,趁新鲜的时候享用,maio,,,,2026/7/21
【允在】车祸留下的后遗症.txt,车祸留下的后遗症,,,,,2026/7/21
【允在】轮回  DeluXe Edition.txt,轮回 DeluXe Edition,xelloss,,【允在】轮回.txt,,2026/7/21
【允在】轮回 原初故事.txt,轮回 原初故事,xelloss,,【允在】轮回.txt,,2026/7/21
【允在】轮回.txt,轮回,xelloss,,,,2026/7/21
【允在】那年夏天.txt,那年夏天,nana,,,,2026/7/21
【允在】需小心轻放.txt,需小心轻放,,,,,2026/7/21
【允在秀】悲鸣.txt,悲鸣,,,,,2026/7/21
【允在米秀】在酒桌上成为恋人的方法.txt,在酒桌上成为恋人的方法,lizlizard,,,,2026/7/21
【允在米秀】娼馆玩偶.txt,娼馆玩偶,,,,,2026/7/21
【米秀允在】浊流.txt,浊流,Cocaine,,,,2026/7/21
[允在]梅雨.txt,梅雨,,,,,2026/7/21
[允在]我的男人 她的男人.txt,我的男人 她的男人,satin,,,,2026/7/21
[允在]微热少年.txt,微热少年,黑胡椒,,,,2026/7/21
[允在AKI]针.txt,针,satin,,,,2026/7/21
[允在]在社长室.txt,在社长室,,,,,2026/7/21
[允在]按摩.txt,按摩,Ranghae,,,postype,2026/7/21
[允在]Moon Blue.txt,Moon Blue,satin,,,,2026/7/21
[允在]媳妇难做.txt,媳妇难做,,,,,2026/7/21
[允在]Sexy Back.txt,Sexy Back,黑胡椒,,,,2026/7/21
[允在]他人的品味.txt,他人的品味,homage,,,,2026/7/21
【允在】Rest in Paradise（Lost in paradise第二部）.txt,Rest in Paradise,fiancee,,【允在】Lost in Paradise.txt,,2026/7/22
【允在】Lost in Paradise.txt,Lost in Paradise,fiancee,,,,2026/7/22
【允在】雄性本能.txt,雄性本能,xelloss,,,,2026/7/22
[允在]解语花.txt,解语花,Kei,未完,,古典,2026/7/22
[允在]花蝶.txt,花蝶,Kei,,[允在]解语花.txt,古典,2026/7/22
[允在]中毒.txt,中毒,xelloss,未完,,,2026/8/6
[允在] 逃亡之地无乐园.txt,逃亡之地无乐园,J,,,postype,2026/8/6
[允在] 公开的秘密.txt,公开的秘密,Chilling,,,postype、现实向,2026/8/6
【允在】天堂汽车旅馆.txt,天堂汽车旅馆,,,,,2026/8/8
【允在】五亿韩元.txt,五亿韩元,,,,,2026/8/9
【允在】请珍惜你的臀部.txt,请珍惜你的臀部,,,,,2026/8/9
【允在Aki】甜蜜的事（外传）.txt,甜蜜的事（外传）,barim,,【允在Aki】甜蜜的事.txt,,2026/08/13
【允在Aki】甜蜜的事.txt,甜蜜的事,barim,,,,2026/08/13
【允在】怪物.txt,怪物,pinkjelly,,,,2026/08/13
【允在】哔、哔、哔.txt,哔、哔、哔,barim,,,,2026/08/13
【允在】石头.txt,石头,barim,,,,2026/08/13
[允在]重逢.txt,重逢,nabi,,,postype、现实向,2026/08/23
[允在]香(postype).txt,香,tam,,,postype,2026/08/23
[米花]NONFICTION.txt,NONFICTION,MIKI,,,现实向,2026/08/26
[米花]NONFICTIONreplay.txt,NONFICTION:replay,MIKI,未完,[米花]NONFICTION.txt,现实向,2026/08/26
【允在】天敌.txt,天敌,lala,,,,2026/08/29
[允在]Habanera.txt,Habanera,lala,,,,2026/08/31
[允在]蝴蝶.txt,蝴蝶,Ranghae,,,postype,2026/09/05
[允在]Toy Soldier.txt,Toy Soldier,Guardian,,,,2026/09/05
[允在]Erotic.txt,Erotic,Shara,,,,2026/09/05
[允在]Oblivion；忘却.txt,Oblivion；忘却,李花,,,postype,2026/09/05
[允在]怜悯的形态.txt,怜悯的形态,Chilling,未完,,postype,2026/09/05
[允在]Reverse.txt,Reverse,nabi,未完,,postype,2026/09/05
[允在]种器.txt,种器,李花,未完,,postype,2026/09/05
